Workbook

Sheet Сводка
A1: Заказ 3843 — сводка LQA
A2: Проверка 27.09.2026 по 4 PDF-сканам. Все правки внесены; независимый аудит — «сдачу разрешаю» по всем 4 файлам. Подробности — лист «Ошибки».
A4: Файл \ Категория | B4: Critical | C4: Major | D4: Minor | E4: Вёрстка | F4: Всего
A5: 01 — CCPIT + Доверенность + Апостиль | B5: =COUNTIFS(Ошибки!$D$2:$D$200,"01",Ошибки!$C$2:$C$200,"Critical") -> 2 | C5: =COUNTIFS(Ошибки!$D$2:$D$200,"01",Ошибки!$C$2:$C$200,"Major") -> 0 | D5: =COUNTIFS(Ошибки!$D$2:$D$200,"01",Ошибки!$C$2:$C$200,"Minor") -> 3 | E5: =COUNTIFS(Ошибки!$D$2:$D$200,"01",Ошибки!$C$2:$C$200,"Вёрстка") -> 1 | F5: =SUM(B5:E5) -> 6
A6: 02 — CCPIT + Декларация + Отчёт TÜV + Апостиль | B6: =COUNTIFS(Ошибки!$D$2:$D$200,"02",Ошибки!$C$2:$C$200,"Critical") -> 0 | C6: =COUNTIFS(Ошибки!$D$2:$D$200,"02",Ошибки!$C$2:$C$200,"Major") -> 7 | D6: =COUNTIFS(Ошибки!$D$2:$D$200,"02",Ошибки!$C$2:$C$200,"Minor") -> 9 | E6: =COUNTIFS(Ошибки!$D$2:$D$200,"02",Ошибки!$C$2:$C$200,"Вёрстка") -> 1 | F6: =SUM(B6:E6) -> 17
A7: 03 — CCPIT + Свидетельство о регистрации + Апостиль | B7: =COUNTIFS(Ошибки!$D$2:$D$200,"03",Ошибки!$C$2:$C$200,"Critical") -> 0 | C7: =COUNTIFS(Ошибки!$D$2:$D$200,"03",Ошибки!$C$2:$C$200,"Major") -> 2 | D7: =COUNTIFS(Ошибки!$D$2:$D$200,"03",Ошибки!$C$2:$C$200,"Minor") -> 0 | E7: =COUNTIFS(Ошибки!$D$2:$D$200,"03",Ошибки!$C$2:$C$200,"Вёрстка") -> 1 | F7: =SUM(B7:E7) -> 3
A8: 04 — CCPIT + Сертификат ISO 13485 + Апостиль | B8: =COUNTIFS(Ошибки!$D$2:$D$200,"04",Ошибки!$C$2:$C$200,"Critical") -> 0 | C8: =COUNTIFS(Ошибки!$D$2:$D$200,"04",Ошибки!$C$2:$C$200,"Major") -> 1 | D8: =COUNTIFS(Ошибки!$D$2:$D$200,"04",Ошибки!$C$2:$C$200,"Minor") -> 1 | E8: =COUNTIFS(Ошибки!$D$2:$D$200,"04",Ошибки!$C$2:$C$200,"Вёрстка") -> 1 | F8: =SUM(B8:E8) -> 3
A9: Во всех 4 файлах | B9: =COUNTIFS(Ошибки!$D$2:$D$200,"01–04",Ошибки!$C$2:$C$200,"Critical") -> 0 | C9: =COUNTIFS(Ошибки!$D$2:$D$200,"01–04",Ошибки!$C$2:$C$200,"Major") -> 2 | D9: =COUNTIFS(Ошибки!$D$2:$D$200,"01–04",Ошибки!$C$2:$C$200,"Minor") -> 4 | E9: =COUNTIFS(Ошибки!$D$2:$D$200,"01–04",Ошибки!$C$2:$C$200,"Вёрстка") -> 1 | F9: =SUM(B9:E9) -> 7
A10: Итого | B10: =SUM(B5:B9) -> 2 | C10: =SUM(C5:C9) -> 12 | D10: =SUM(D5:D9) -> 17 | E10: =SUM(E5:E9) -> 5 | F10: =SUM(F5:F9) -> 36
A12: Категории
A13: Critical | B13: искажает юридическую силу или реквизиты: пропуск подписи, гомоглифы в ОГРН
A14: Major | B14: пропуск текста/страниц, ошибки в именах, числах, терминах, описании печатей
A15: Minor | B15: опечатки, пунктуация, единообразие, форматирование
A16: Вёрстка | B16: расхождение расположения и разбивки страниц с исходником

Sheet Ошибки
A1: № | B1: Код | C1: Категория | D1: Файл | E1: Где | F1: Тип ошибки | G1: Было в переводе | H1: Как в исходнике | I1: Исправлено на | J1: Статус
A2: 1 | B2: C1 | C2: Critical | D2: 01 | E2: Доверенность, конец (стр. 4) | F2: Пропуск | G2: Блока подписи нет | H2: Zhenjiang Hengsheng Juan En Medical Equipment Co., Ltd / CEO Li Yin Ying / подпись / (stamp) + круглая печать компании | I2: Добавлен блок подписи: компания, генеральный директор Ли Иньин, /подпись: Li Yin Ying/ (печать), описание печати | J2: Исправлено
A3: 2 | B3: C2 | C3: Critical | D3: 01 | E3: Доверенность, абзац «Общество…» | F3: Гомоглифы | G3: «ΟΓΡΗ» — греческие буквы Ο Γ Ρ Η | H3: ОГРН (кириллица) | I3: ОГРН | J3: Исправлено
A4: 3 | B4: M1 | C4: Major | D4: 03 | E4: Стр. 2 исходника | F4: Пропуск | G4: Китайский оригинал свидетельства не переведён | H4: 营业执照（副本）: поля, вид деятельности, печать 镇江市丹徒区政务服务管理办公室, 2026年06月25日 | I4: Добавлена страница перевода китайского оригинала | J4: Исправлено
A5: 4 | B5: M2 | C5: Major | D5: 04 | E5: Стр. 4–5 исходника | F5: Пропуск | G5: Китайская версия сертификата ISO 13485 не переведена | H5: 认证证书 (2 стр.) + «本证书是由具有法律效力的英文证书翻译而来» | I5: Добавлены 2 страницы перевода со сноской «Настоящий сертификат является переводом имеющего юридическую силу сертификата на английском языке» | J5: Исправлено
A6: 5 | B6: M3 | C6: Major | D6: 02 | E6: Отчёт TÜV, колонтитул | F6: Числа / вёрстка | G6: «Стр. 1 из 6» … «6 из 6» | H6: Page X of 8 | I6: «Стр. X из 8», страницы 1:1 с исходником | J6: Исправлено
A7: 6 | B7: M4 | C7: Major | D7: 02 | E7: Отчёт, стр. 2 и 8 | F7: Имена | G7: «Чжан Цин» (3 раза) | H7: 张琴 (qín) | I7: «Чжан Цинь» | J7: Исправлено
A8: 7 | B8: M5 | C8: Major | D8: 02 | E8: Отчёт, стр. 2, п. 1.1 | F8: Чекбоксы | G8: Лишний ☐ перед «Rev.01, действителен до 2027-08-19» | H8: Продолжение отмеченного пункта ☒, своего чекбокса нет | I8: Строка присоединена к пункту ☒ | J8: Исправлено
A9: 8 | B9: M6 | C9: Major | D9: 02 | E9: Отчёт, стр. 2, J-QMS | F9: Чекбоксы | G9: «в 2020☐ году», «в 2021☐ году» | H9: 2020年第155号法令修订 / 2021年第60号法令修订 | I9: Лишние ☐ удалены | J9: Исправлено
A10: 9 | B10: M7 | C10: Major | D10: 02 | E10: Отчёт, стр. 4, п. 2.4 | F10: Терминология | G10: «Корректирующие мероприятия на месте» | H10: 现场纠正措施（适用时） — FSCA | I10: «Корректирующие действия по обеспечению безопасности на месте эксплуатации (FSCA) (при наличии)» | J10: Исправлено
A11: 10 | B11: M8 | C11: Major | D11: 02 | E11: Отчёт, стр. 7–8, п. 4 | F11: Терминология | G11: «Корректирующие действия по … несоответствиям»; «корректирующих действий и мер» | H11: 纠正 = коррекция; 纠正与纠正措施 | I11: «Коррекция …»; «коррекции и корректирующих действий» | J11: Исправлено
A12: 11 | B12: M9 | C12: Major | D12: 02 | E12: Декларация, печать | F12: Печати | G12: «/Печать: /неразборчиво/ * 32111201003/» | H12: Печать читается: 镇江恒生涓恩医疗器械有限公司, ★, номер | I12: «/Печать: Zhenjiang Hengsheng Juan'en Medical Devices Co., Ltd. * 3211… (номер частично неразборчив)/» | J12: Исправлено
A13: 12 | B13: M10 | C13: Major | D13: 01–04 | E13: Сертификаты CCPIT | F13: Физ. элементы | G13: «/Штрихкод: № 263200B0/H0819x/» | H13: QR-код + номер документа «号码 No.»; штрихкода нет | I13: «/QR-код/» + «№ 263200B0/H0819x» | J13: Исправлено
... A37: 36 | B37: L5 | C37: Вёрстка | D37: 01–04 | E37: Сертификаты CCPIT, подпись | F37: Вёрстка | G37: «Китайский совет по содействию международной / торговле» — неудачный перенос | H37: 2 строки | I37: «Китайский совет по содействию / международной торговле» | J37: Исправлено
